Country,Happiness_Rank,accessibility_to_cities,elevation,aspect,slope,cropland_cover,tree_canopy_cover,isothermality,rain_coldestQuart,rain_driestMonth,rain_driestQuart,rain_mean_annual,rain_seasonailty,rain_warmestQuart,rain_wettestMonth,rain_wettestQuart,temp_annual_range,temp_coldestQuart,temp_diurnal_range,temp_driestQuart,temp_max_warmestMonth,temp_mean_annual,temp_min_coldestMonth,temp_seasonality,temp_warmestQuart,temp_wettestQuart,wind,cloudiness
Afghanistan,153,317.7157523,1831.744397,201.4297963,1.515600142,9.511846032,0.374672645,35.90441697,128.7183596,1.722483226,8.300540073,311.3291432,91.62875592,12.68958352,67.83924585,175.8160177,40.26161137,-0.261351562,14.72469829,21.12032868,31.95010471,11.53330603,-8.311506654,88.15351475,22.67523657,3.9476596,3.432746579,114.2289826
Albania,95,73.83085556,651.8155406,192.1303264,1.89007529,23.3460866,12.80462888,33.16941281,392.5087892,40.08848005,138.15462,1151.097474,38.54662893,138.3346702,159.0460653,435.874661,27.08154903,3.57989578,9.114174371,19.57320594,26.27563639,11.46748679,-0.805912645,62.66851506,19.57741598,5.267449973,2.472693504,181.1311126
Algeria,68,1212.799818,556.7583169,184.9747196,0.170861495,3.690864485,0.17665622,40.29895242,25.29077848,0.934992088,6.088661767,79.45606561,67.08149343,9.5086212,13.36623208,33.29410202,36.49030621,13.15155341,14.8726741,26.92107243,41.54823266,22.96394612,5.057926453,75.11026261,32.45082811,20.8132292,4.025769508,90.67439498
Angola,137,378.2023922,1061.478991,174.2569084,0.19262862,2.794476466,19.87010918,64.33239465,8.054832235,0.260122051,4.430196881,1023.374698,91.53815947,318.5356184,202.1971332,524.28072,21.48916167,18.79351616,13.84524883,18.86688184,31.03791334,21.61187376,9.548751671,18.53581524,23.28857359,22.75898181,2.1644052,187.5170443
Argentina,30,209.2195797,682.7992532,145.0314124,0.623855295,21.9625038,8.83360958,49.85147217,79.08767549,17.18321136,60.48630463,539.8724686,48.32124188,183.1381597,79.21688648,211.7120731,26.77335546,8.023890555,13.461877,11.09496006,28.21618946,14.20719218,1.442833996,47.56007219,20.17116935,16.47762934,4.270904356,159.0065316
Armenia,127,97.29451554,1850.48297,183.5375423,2.31889558,21.33826622,6.992914644,32.42358775,69.67429883,20.00548963,67.22309812,501.6587673,46.50159775,127.1616813,86.25816191,213.784587,34.82842686,-4.557721774,11.43395924,-0.585204815,24.3580566,6.165300484,-10.47037026,81.33372186,16.19943753,9.369815974,1.968252839,191.7616707
Australia,10,845.8680185,278.031714,183.0250431,0.089268073,7.938567206,6.056155479,49.69498141,68.50573359,11.5888329,42.90343014,467.5080881,59.33697509,170.6449075,89.63447645,234.7329262,28.09456395,14.70953766,13.98006739,18.61899367,35.18607871,21.46661781,7.091514759,49.75148677,27.37467162,24.35021582,4.151111283,126.814047
Austria,13,51.98273261,950.5300018,166.5693012,1.450009486,33.00355934,32.26420509,31.6412877,189.4956286,55.60656807,182.0356572,1049.228613,30.45925126,378.5821345,132.7887971,379.5294138,28.32866726,-3.20359507,9.129945086,-1.786864617,20.71571113,5.744182035,-7.612956128,68.33476477,14.332712,14.33018272,2.464692388,231.8576952
Azerbaijan,80,86.63017198,640.067615,127.1189171,1.440853262,36.1450321,7.26719223,28.46190413,85.27931284,16.35000301,61.22073491,453.3004121,39.61666957,98.75768039,68.16092607,174.0463299,33.16762027,1.530183853,9.605681011,13.52841049,29.91985905,11.98962757,-3.247761222,81.0811371,22.22981622,13.54960594,2.662134863,191.1589906
Bangladesh,109,33.64179307,29.93987766,168.6095451,0.032539246,68.13135954,15.61791579,43.39718171,34.11335399,4.761917365,33.83717702,2194.098538,91.06424645,899.0220206,466.0512877,1273.202795,21.97628587,19.85637729,9.626260079,19.98464054,34.05148238,25.52195032,12.07519652,36.12041125,28.64029431,28.32093261,2.450944208,193.4796635
Belarus,59,79.96755058,161.1527381,173.2923657,0.001425672,51.46634046,24.87289447,24.66369688,111.5036568,29.00285832,100.1587811,624.1477146,32.13825942,231.6745382,84.27929349,231.6745382,32.80024705,-5.302794485,8.228642886,-4.201371801,23.07258693,6.244619782,-9.727660114,87.78210573,17.10304917,17.10304917,3.264417738,232.5725082
Belgium,19,14.38772865,143.4574939,218.8503611,0.095365979,60.77621626,15.08315238,33.25148145,213.9997462,56.29171386,183.6450923,850.2047242,11.33182817,223.2043466,83.65095293,239.4220127,22.43083394,2.434042348,7.576101917,5.916118734,21.70531656,9.524934115,-0.725517376,55.15859596,16.43188189,7.706426273,3.876680127,237.9154036
Benin,155,115.203185,267.0421453,178.5135482,0.038044014,25.27925832,7.591677377,66.17602167,477.5927928,2.106208674,14.01108887,1061.151815,91.4909694,146.8737974,228.9515613,605.8449076,18.64316632,25.22161031,12.30368343,26.89236445,37.07765965,27.18634812,18.43449333,16.81105183,29.56815242,25.53463916,2.105127204,212.7378608
Bhutan,79,501.2831596,2860.925351,181.5962121,3.69839397,2.422378376,49.89924223,44.83827454,23.09199808,3.884030065,21.31384028,1509.813029,98.45824111,899.3121647,354.2108031,927.5800655,25.92724723,2.968869514,11.75694965,3.426032233,20.37446473,9.953483074,-5.5527825,50.85974127,15.88991363,15.84082549,2.439829096,226.0796468
Bolivia,51,445.1294159,1290.020607,151.5460077,0.673776684,4.057430677,37.81479768,66.80037321,100.3289284,21.25184485,80.73190543,1148.542962,75.84719717,399.7883094,198.3869959,537.5874644,19.9670824,17.48727964,13.36206436,18.01409928,29.4436478,20.42665376,9.476565399,19.79312791,22.3533214,22.14808196,2.340412545,196.993405
Bosnia and Herzegovina,96,73.43442978,710.1879957,160.8869448,1.352818325,37.55560593,34.44744414,31.8293981,259.0878671,64.49253109,204.1970322,1035.95517,18.59863887,250.6902454,118.8680782,324.2753306,28.60093325,0.079367043,9.273848338,6.244443811,24.59435193,9.072414337,-4.006581323,68.54095609,17.70262402,9.658404543,2.315268423,209.5248489
Botswana,128,386.9066591,1037.202122,162.7331166,0.006235179,1.07768452,1.664163878,55.61239805,4.191613553,0.607268767,3.661472515,395.662629,91.84448933,178.2584237,88.15374399,233.4609667,29.01835157,14.68225261,16.26926335,14.69506112,33.27720865,20.83429281,4.25885708,42.94332097,25.22012517,24.74899882,3.201352424,112.3620914
Brazil,16,736.7297988,326.6430843,176.1375279,0.160652538,17.28233628,39.17523662,72.73447271,366.6266717,39.31327957,141.1717948,1752.792411,60.92778773,370.3704209,277.1211893,761.9858098,15.49870416,22.949019,11.10849971,23.68000754,32.01369408,24.44774936,16.51498992,10.75879482,25.62179487,24.75486118,1.963016907,218.4850954
Bulgaria,134,89.12241274,467.4458679,160.3145198,0.974942029,52.31249667,20.33150418,30.8780721,144.7109976,35.21158416,117.9853496,609.9577203,22.86173738,160.0253417,73.87040381,197.5501549,30.76478929,0.388302493,9.650658468,9.731697266,26.4386379,10.17937835,-4.326151394,74.67946091,19.56625077,13.33011523,2.724887574,191.3499384
Burkina Faso,152,115.863687,302.308181,169.5040491,0.005361851,14.99302949,2.577537442,60.67141261,174.0033395,0.436663109,3.489307969,760.5410968,115.270016,107.6509889,213.8511661,517.2103181,22.10615096,25.6022003,13.47417112,26.03929599,38.81850909,28.0705766,16.71235813,22.10522548,31.17071126,26.76171172,2.838656546,179.2996061
Burundi,157,39.17268404,1514.864442,174.0215411,0.951510393,26.0672288,12.96760933,75.5685994,168.0788491,3.211205212,28.40337912,1179.876143,63.58945156,206.0140488,190.5869617,486.8342401,14.88368883,19.20977961,11.28771463,19.40696156,27.29664706,19.85361429,12.41295822,5.262054098,20.47441599,19.80324239,2.052875048,254.9407547
Cambodia,145,208.420768,120.8669724,172.4292862,0.248564525,33.6764878,31.19662519,59.74402955,100.1566134,5.092721953,36.09367502,1777.848036,78.69420855,330.314187,337.9825859,906.4577975,15.16584909,24.87756641,9.073125778,25.23442451,34.12150007,26.74688604,18.95565098,13.36150325,28.43756505,26.72188071,2.10136841,261.0012052
Cameroon,133,236.3700829,644.7877392,183.0127184,0.372539614,2.974246514,36.37377217,72.52839511,597.453824,16.20490177,69.91608167,1658.456494,73.28117688,309.7400636,299.8997651,781.5772319,15.09928381,23.05818434,10.76404605,24.21842683,32.21069431,24.2571842,17.1114105,10.39589376,25.65909373,23.38480356,1.572129273,253.9292534
Canada,5,3220.715175,508.2847633,169.2907919,0.397220485,3.796340492,20.58747625,19.86286345,80.93746455,19.61225206,66.22098278,453.3184227,46.83796493,161.861002,64.99570701,177.36125,45.96372379,-23.19377971,9.232453946,-19.12040969,16.42866105,-6.83168979,-29.53506274,128.9347833,9.503739868,7.64933066,3.378885862,231.4987023
Chad,149,1223.188455,518.4784022,197.0957927,0.111867953,3.464731883,1.653800711,56.24520918,58.38949101,0.025211448,0.165981669,318.2463704,142.1730058,41.90483877,106.2704283,237.5346067,27.27680539,21.9850421,15.34891981,23.70706342,39.96057589,26.96063198,12.6837705,36.4815226,31.22251018,28.73371816,3.960233834,115.2755415
Chile,27,425.8785883,1095.077168,208.2261466,1.588154415,6.389745666,22.30922269,54.73443945,349.4240795,51.87831519,174.7882393,1047.308761,60.47595362,199.6102916,140.7162405,389.8102221,18.81186342,4.653303611,10.56684351,10.19637446,18.70599026,8.598991694,-0.105873166,30.02173796,12.36452581,7.426599321,3.816059043,183.3299469
China,84,466.566902,1788.508668,169.0981558,0.943246708,22.18347547,11.57931347,30.94554584,34.73668628,8.319758871,30.97523809,561.2715803,89.45302999,291.043886,120.6067701,306.5845506,39.91131351,-7.043608557,12.19498435,-5.765483845,25.19088704,6.362945884,-14.72042648,98.90280353,18.39789749,17.67292216,3.241690663,191.2446609
Colombia,33,1302.412834,555.4002246,171.5702276,0.85329858,5.342935728,48.49222535,81.12976809,855.1970974,85.02041723,323.4854809,2673.855758,42.24338966,459.5920631,353.0768736,968.0703142,11.72748109,23.79082082,9.522903268,24.84909669,30.81827432,24.5855479,19.09079323,5.651496547,25.24422071,24.14380364,1.432076882,283.8555351
Costa Rica,12,151.2790482,540.9757455,157.1371451,1.701519475,13.95479918,47.90479956,77.26496337,762.5741166,63.02243042,235.6442002,2972.137701,57.85796967,528.8857798,457.7499542,1201.438741,12.796143,22.63507097,9.933592432,23.71078986,30.28279279,23.49720366,17.48664979,6.952515557,24.44810799,23.19520002,2.202033163,257.8548585
Croatia,62,42.84249698,302.7346371,162.3116276,0.81320264,41.2065176,27.01030488,31.15807452,237.220638,55.8136886,180.3384883,989.7993826,23.43840906,242.5274129,119.7869352,327.7366852,28.84175799,1.650997259,9.153328956,8.389967256,26.37403478,10.81432567,-2.467723198,69.97395754,19.63106886,13.1811497,2.778315422,202.5172202
Cyprus,67,35.72680074,328.1184149,156.6589443,1.482844022,39.12814434,7.909843282,40.34821341,320.0145024,1.851776584,10.33299413,563.0425329,93.74573607,11.1638429,133.0550673,340.8121148,26.94125442,10.18902567,10.99422975,24.69381448,32.13542148,17.36447268,5.194167089,58.07376434,24.75970753,10.20445548,2.739476007,116.771612
Czech Republic,31,29.95314563,453.474756,172.7331371,0.540671738,58.75520456,23.75361951,30.06045725,113.5782476,33.37087997,106.6853975,663.8282406,36.15609201,254.4987946,89.58786501,254.4987946,27.93825069,-1.875664348,8.541579305,-0.307225938,22.23725008,7.335684228,-5.701000609,69.86437833,16.08160488,16.0801919,3.214086807,239.0239965
Denmark,3,55.21571619,27.27314568,189.6650829,0,65.14572759,10.08375546,26.2894491,144.1528864,37.99040071,124.8205887,726.664688,23.8377144,193.9812303,81.73594013,237.1132796,23.17642778,0.347740766,6.212307843,2.449916541,19.46903452,7.725706147,-3.707393261,59.31481058,15.31885194,10.05404364,4.689150577,239.0802897
Dominican Republic,98,84.63166597,390.7448721,150.4320351,1.233995077,13.11648455,30.03822157,73.97827408,198.5753543,50.72255926,169.9065123,1374.256129,43.53939876,404.0385804,198.6648491,494.5256069,15.07701995,21.99939479,11.23462733,22.39586362,31.11438981,23.85193282,16.03736985,12.80974529,25.2607528,24.56711335,2.271360008,182.418162
Ecuador,48,418.5928682,1074.129068,174.7428113,1.483501622,13.37099737,44.43037577,83.88679155,453.4632883,94.4789649,312.2000804,2058.090786,48.92946608,629.6383067,281.9882582,780.9635326,11.61225517,20.17676425,9.803834199,20.70714284,26.88464222,20.91201294,15.27238704,5.276301051,21.48616325,21.00741272,1.591968975,283.2677106
Egypt,135,954.9943764,301.3547095,173.8262149,0.181041694,4.472106509,0.220351628,47.98018289,8.009986995,3.09E-04,0.020844349,14.16166365,44.88697198,0.266930866,3.757425514,8.928621964,30.94329147,13.87405966,15.0457614,20.07583686,36.65638365,21.98671382,5.71309218,58.57499418,28.72933306,16.98408231,3.87529339,50.35722873
El Salvador,42,43.05423723,425.1313018,178.8349981,1.324855428,19.64871736,32.41779931,75.58885687,211.9509475,2.611128914,13.44670766,1834.018769,92.18448372,256.9175724,372.3066815,958.3367839,16.05228563,23.42993292,12.20527781,23.87937202,32.68612814,24.3949217,16.63384254,8.196055426,25.5583293,24.19272945,1.816505662,199.3710925
Ethiopia,122,245.5052467,1257.42189,178.387662,0.98482426,20.5313116,8.030340277,72.69171436,243.2648211,7.18869316,32.71384165,798.8404956,92.49157431,168.0527075,179.4839723,432.123357,19.22559408,21.1976747,14.00397725,22.06489784,32.60142099,22.73800117,13.37582691,12.51256338,24.33742825,22.88589602,2.75535275,170.8787202
France,29,33.47989499,332.7033344,193.6696859,0.4876818,60.81734756,16.57887294,36.35683052,212.7542769,49.29561429,167.243407,815.3169197,16.24585135,190.292132,87.78252232,241.8379305,24.18465052,3.363004716,8.911717973,11.21873032,23.82572999,10.4765834,-0.358920537,55.37162365,17.54758348,9.638482112,3.36922225,213.4126825
Gabon,143,553.1859626,369.0344424,187.3305377,0.186369884,0.005527366,52.09085643,73.04117821,61.49292865,8.867174314,56.09318068,1860.299357,64.68075845,635.2455948,327.9087687,779.0526661,12.73863957,22.90526722,9.351154636,22.95397491,30.82716116,24.50281961,18.0885216,10.21848219,25.48526714,24.74822883,1.322218943,288.3330561
Georgia,130,154.3523516,1163.61322,186.4994044,2.255906059,27.25799876,27.63013834,33.9282195,190.5014029,46.57979303,158.9524206,973.1892826,31.83251904,291.1495764,126.0034568,338.7362383,30.8633565,-1.400538667,10.60066271,0.437670044,24.0886167,7.989220598,-6.7747398,71.91789389,16.93326138,12.10767282,2.513663489,216.0677498
Germany,26,33.71007465,251.9257179,181.2790372,0.252723571,61.03985563,21.34353686,31.17250935,160.0960278,43.48089953,141.3832754,730.5254667,20.52874825,233.8384532,82.99073185,235.0952567,25.33952438,0.191292134,8.026680945,2.570198757,22.21316593,8.411319974,-3.126358449,63.60514173,16.46665347,15.91223313,3.402345226,240.3689128
Ghana,114,111.7684195,178.7376596,174.6223057,0.076011158,7.86570414,13.37037038,68.49598353,461.2871683,11.1113925,60.23839721,1247.324509,69.16601944,230.4493067,228.2475287,558.7904586,15.12854641,25.24794245,10.35133125,27.27971141,35.10921107,26.93577063,19.98066467,13.08463776,28.70684388,26.13313388,2.103483113,226.7781038
Greece,102,53.24477354,441.9425317,164.0465743,1.619042356,35.08087005,15.46310846,34.51047033,266.4576812,17.71136656,67.33518773,705.5142656,47.37498503,72.43128531,107.8104409,291.5369121,28.74686407,5.431011665,10.07105187,21.89942144,29.56164957,13.62153456,0.81478549,65.55851985,22.11776108,7.678426008,2.547999651,165.8678124
Guatemala,43,178.5604595,732.0063584,185.3812735,1.363598306,14.20206769,43.93870715,68.12683099,204.556281,36.70071552,126.6068741,1982.391176,68.09623082,506.0721344,343.0662106,873.6029207,14.78799784,21.03017887,10.15299666,22.3242108,30.20801214,22.93108676,15.4200143,13.12017842,24.35181192,23.62682943,1.726264425,219.5759577
Guinea,150,125.7896233,433.6743452,183.962671,0.295806004,1.745471155,17.16534444,62.64769886,408.281252,3.27116245,21.64473612,1852.815932,96.75741317,217.2038937,440.1688277,1129.161997,22.30132458,23.93182844,14.08001887,24.68922971,36.59968183,25.67898867,14.29835726,16.32622657,28.07132096,24.70062009,1.806795424,214.8767689
Haiti,119,63.96397264,416.1622423,168.4359603,1.634559253,5.876727237,16.19659956,72.77854643,155.388805,39.88245662,141.793821,1541.271748,52.87360493,481.9592029,240.7876278,592.4986245,14.78871544,22.04665061,10.85781048,22.24462186,30.71582535,23.75344298,15.92710987,11.76125404,25.06308943,24.60620634,2.618714275,184.1308482
Honduras,105,288.2333484,625.6559278,175.2648045,1.38937971,3.449149536,42.51177862,67.49483009,265.4108044,34.23607995,127.2873829,1727.316593,59.79426584,445.9586844,274.4798642,717.4794788,15.26998261,21.68172052,10.40519058,23.35639427,31.52573313,23.63823102,16.25575051,13.45913009,25.13521611,24.05347097,1.925279141,226.7240393
Hong Kong S.A.R.,72,4.080684597,106.3182773,208.9138655,0.386554622,0.354295837,38.00565198,31.25246695,102.5241396,26.67177907,89.84097934,2106.183055,76.0226156,1075.754797,373.6344397,1077.35263,19.33945329,15.5543162,6.154008842,17.31168314,30.87502517,22.21271764,11.53557163,48.5908419,27.67352297,27.67316518,3.149489046,250.6910758
Hungary,104,39.16305059,149.6459721,177.431575,0.124568102,68.84679559,12.64585693,30.24824003,113.7032046,31.51465183,100.476775,585.3626231,27.41573144,195.3451016,76.0113615,199.9530182,31.38885613,-0.119491129,9.650082404,1.576906177,26.7081315,10.34561351,-4.680724626,77.52510272,19.82995209,18.82666133,3.09811306,209.2470946
India,117,91.38082383,583.1465274,176.3244957,0.520001904,64.34377274,9.07738911,44.10012236,74.19189896,3.794327212,23.849571,1110.010678,114.9534565,294.3372254,309.20875,760.3164576,27.21371722,17.68766641,11.83342982,21.13888041,37.03347763,23.96363335,9.819760411,45.54437374,29.49096201,26.08298136,2.698925158,167.3099637
Indonesia,74,504.8848072,342.0536882,168.270799,0.909755385,13.24086609,55.4788821,84.94240233,673.0787195,136.1740296,449.847542,2728.355157,29.43656559,677.4705708,326.2162101,904.1117109,10.00434575,24.39624844,8.508099615,24.8275285,30.13380102,24.99332749,20.12945527,4.163967777,25.39201881,24.93423673,1.366647907,293.0951072
Iran,110,264.2038416,1256.457706,171.7249943,1.206398202,14.77304507,0.69029561,38.03820241,95.15687992,1.350039751,5.924181057,213.1761424,85.42730822,7.906124779,43.53765635,112.1180225,37.3190406,6.253446101,14.36264811,26.46697042,36.33787462,16.9740305,-0.981165986,81.63893459,27.26973485,9.568929556,3.173667225,108.6990401
Iraq,112,288.6228424,302.2031598,135.4109607,0.172732267,22.19547912,0.05742525,37.66641436,106.0793268,0.013522705,0.097319882,205.0727579,87.51993813,0.118477068,41.07748041,110.3503684,38.48146663,9.924836999,14.68198551,32.24646717,41.76709258,21.46455863,3.285625955,87.69612724,32.24938644,10.74972341,3.725304928,93.7536235
Ireland,18,41.54690409,104.3758318,183.1736692,0.288890499,72.5995749,17.47284591,40.63892017,312.4569955,63.22202302,203.9629042,1071.963412,20.30871871,230.3589557,120.1294939,336.872816,16.81098396,4.77633272,6.918358698,9.524349288,18.50851933,9.132882866,1.697535374,36.50906206,13.91544099,6.21232865,4.619187709,245.5596954
Israel,11,44.86190738,287.3723511,209.2334972,0.923897757,20.91452613,0.329753329,44.34643573,185.9458693,3.44E-04,0.014375047,295.9783221,102.5502191,0.452707619,73.28473459,191.7354589,25.70032064,12.75167856,11.53001224,26.00694027,32.94764539,19.84544921,7.247324749,52.9510417,26.13459405,12.93931854,2.969420578,88.5992533
Italy,50,34.91613596,512.1286918,160.1416916,1.387384954,49.08264778,18.50560086,30.94412531,204.2105214,35.97428636,127.4077848,820.7409628,32.25700206,168.558401,103.9371606,282.5380642,25.77539158,4.282619036,8.110064905,14.16607022,26.18850366,12.03410273,0.413112076,62.19182123,20.06856017,11.65675973,2.648620802,180.2154438
Ivory Coast,151,121.8550943,259.8744097,169.3209968,0.024278668,2.965242805,18.03277978,69.50758011,461.0068043,13.48869976,76.37298436,1353.614021,66.83160452,258.8238896,260.9326478,618.5529983,15.2784673,24.78410896,10.60170816,26.23048028,34.22684549,26.23260758,18.94837818,11.42702977,27.74434453,25.59801219,1.886728619,225.0775
Jamaica,65,62.70307297,284.0791164,186.1995165,1.221781174,5.287513276,44.24259319,68.76120852,237.7567859,62.94145518,222.6596426,1865.560619,46.93552116,521.3459086,299.860959,729.0681264,10.44267534,22.42622648,7.228676905,22.59601055,29.017778,23.82103787,18.57510263,9.946856772,24.94193577,24.47026635,2.196614717,189.8086676
Japan,46,31.67775032,351.907962,175.4546526,1.11665529,17.42374202,50.08864647,25.69109568,265.4724439,70.03503549,230.9952527,1684.074472,38.3178536,599.8718774,238.1525019,632.2074515,32.63750576,-0.367726412,8.521547178,2.185887783,27.05611817,10.4331865,-5.5813876,84.85707136,21.28794248,19.23907986,2.801730927,243.8396258
Jordan,82,323.3769902,763.2459355,170.1490923,0.495499717,4.970053588,0.010056707,42.96583255,59.31336284,0,0,105.0161126,84.09310023,2.18E-04,22.1739213,60.32765754,32.43862177,9.114389177,14.08026726,26.27952862,34.8514409,18.32161898,2.412819124,67.82432692,26.32389486,9.947802229,3.794339174,75.20384239
Kazakhstan,54,443.8329109,350.099453,186.0126193,0.185621604,17.28362616,1.536192996,23.65027056,51.37785567,10.58863803,37.37353662,251.4208112,33.37298549,72.29797952,35.05348131,90.60431894,47.09995147,-11.25344408,11.3396313,1.563364356,29.90085528,5.65980275,-17.19909619,128.7290857,21.5510482,11.89215144,4.457838501,178.722673
Kenya,125,225.9187078,792.7533261,149.0475774,0.51500586,14.63079423,4.926112859,78.69844059,78.88435708,10.70500054,47.31530043,604.5524186,83.56515477,174.3427848,136.6397838,272.9680068,16.84838869,22.83719549,13.39546613,23.35226832,33.18655546,24.24225664,16.33816677,10.10734162,25.47474408,24.76539657,3.780477256,184.7431295
Kosovo,69,24.35409491,824.8129659,177.0093311,1.595959077,40.15851182,19.80495513,31.6129762,220.2112596,52.60889262,169.9494238,847.3503499,17.00529375,177.3383072,94.38993818,254.0134878,29.71483142,-0.309952814,9.542772062,15.45451198,25.01586093,9.166762996,-4.69897049,71.38447385,18.00645066,6.321306263,2.153968018,200.8100631
Kuwait,39,97.95751063,119.7246006,94.23672675,0.005223269,1.82748538,0,36.72549192,53.80347834,0,0.105210984,107.2171165,89.92229645,0.105210984,22.27217443,59.76590821,36.74100407,13.35519461,13.69033423,35.21745017,43.84169453,24.8021021,7.100690466,85.66701878,35.21745017,14.98712138,4.494017387,91.49197537
Kyrgyzstan,77,294.995392,2651.341747,197.8754796,2.698600976,9.674154256,3.086678781,26.8261421,74.69960544,11.16098995,43.65525307,423.9228488,53.63877222,111.7160256,68.68046752,185.4301354,41.30992151,-13.17004296,11.28048389,-2.082164242,21.47567162,0.990542884,-19.83424989,102.9301419,13.3527656,6.955751418,2.795844935,197.0991025
Latvia,89,76.04271789,89.87191936,196.9188529,0.008585396,45.25324335,28.80422944,23.13618764,121.1216754,28.32176243,100.995004,662.0438429,30.17830871,217.071232,80.72356285,229.0845003,29.78241997,-4.844977127,7.040892653,-3.509028327,21.19771808,5.681214223,-8.584701888,81.57078235,15.97963833,14.0331019,3.605422622,235.9695824
Lebanon,103,38.07619697,949.7680368,245.3370826,2.886782145,27.63600558,1.215264123,37.00691326,487.086739,0.499958696,2.690723018,826.0401421,96.58459722,4.600508952,190.0050392,499.1920478,26.23132734,7.278014927,9.839470174,22.0373379,28.89247962,14.92567224,2.661152298,59.09732097,22.16920931,7.306271706,2.97035751,126.9303162
Liberia,116,244.7298753,204.702246,202.1377139,0.049927262,0.021103195,41.79691245,76.85490725,1005.588849,44.68420247,209.1531388,2703.95707,57.96025748,444.9659099,460.3620989,1113.738327,14.2696455,24.51997296,11.01002924,25.73367536,33.11536356,25.58377852,18.84571806,8.077275473,26.42195246,24.93305821,1.419637779,247.8106864
Libya,63,1627.81014,417.5592197,160.0419948,0.048745106,0.991233751,0.003623095,45.9782417,15.41488185,6.76E-04,0.208069139,29.81124283,49.61488625,0.820696664,6.737376611,16.48756072,32.78468936,13.0248538,15.21206713,23.00573697,37.61730153,21.70001683,4.83261217,62.62162165,28.93755319,17.81770305,4.219238082,61.61793676
Lithuania,56,52.24908502,103.2487388,195.5077952,0.004472962,62.38429549,19.7071296,25.42843526,122.4142494,28.9744605,103.5056178,661.9081118,29.14459528,225.1699164,81.89833917,228.878898,29.96791484,-4.296542369,7.774690331,-2.62395674,21.84757578,6.19788742,-8.120339063,80.14949669,16.19053435,15.45819191,3.586398669,234.1164869
Luxembourg,17,15.3883393,371.0438855,154.5427278,0.126920648,52.99625468,22.40293985,32.30077385,231.8844931,59.0590846,192.7739358,892.8414676,11.15899449,229.4252723,89.85901652,253.8800927,23.32722881,1.240739778,7.638417077,4.638635123,21.69863417,8.588748586,-1.628594638,58.18413745,16.07653093,2.616115686,3.529447046,241.4230149
Macedonia,93,69.04754553,802.3358714,175.2740213,1.895540194,35.37039797,16.95090669,33.76605923,166.4807225,36.8702873,119.154179,642.062617,21.29696364,128.5339612,76.26115993,199.1470726,30.68523936,0.490646328,10.51061799,17.03634124,26.38274097,9.789268392,-4.302498388,70.80659744,18.64252578,7.675625917,2.195983124,187.9338111
Madagascar,147,514.3095535,544.7815866,190.7038025,0.646853978,3.094496729,16.05287471,65.48244415,79.16816422,16.80746447,63.70618404,1376.463386,96.73478536,676.3064958,316.322236,820.0000928,18.65834236,19.65656747,12.30731743,20.06203974,31.34213014,22.8459554,12.68378778,21.8645536,25.069608,24.94374051,2.736785577,154.8765663
Malawi,131,109.7700942,925.9167949,158.5645583,0.766269656,36.94958297,13.05164158,57.44849241,20.72394904,2.8532299,13.2761354,1071.260052,106.1647201,295.0086465,248.7430754,678.123718,18.89717035,18.39836145,10.93940198,19.39689405,30.51372231,21.74749596,11.61655196,22.53399769,24.18665891,23.16276185,2.356043926,167.5018674
Malaysia,61,313.268561,282.5059503,185.2039163,0.703756565,6.691351804,60.08547739,86.99983752,839.6860746,157.7685165,537.8277883,2951.677641,25.88120245,675.2413871,369.9651053,985.3449484,9.653610205,24.88329593,8.417343488,25.48537122,30.48007542,25.44340927,20.82646521,3.871056804,25.87656279,25.13247869,1.203083993,298.2812421
Mali,138,1821.774328,321.3376342,176.57228,0.015913345,3.441976025,1.02830754,52.51507852,3.517844042,0.057845168,0.424866868,319.2817825,131.3175093,50.56501979,103.7708084,241.678924,29.58746084,22.14257432,15.44438087,25.24398394,42.2430557,28.249699,12.65559486,44.41116404,33.468711,31.11719642,3.699002646,136.0740396
Mauritania,124,2458.351223,261.903271,178.0629161,0.023469677,0.128914096,0.063985764,50.36590625,3.455872247,0.025390956,0.668451173,92.70912635,117.8625648,29.78648047,33.82191752,75.91664151,30.30918936,20.78836615,15.22545325,26.09762834,42.75250099,27.6847339,12.44331163,50.2010643,33.68060839,31.85268996,4.590983852,114.9074963
Mauritius,71,17.60296465,224.8697438,186.2163114,1.245061608,29.05641538,27.79054304,54.39852958,266.5162784,58.55838029,208.7507807,1853.244102,51.51552163,805.97399,297.6106254,805.97399,13.06658234,19.24756832,7.181395845,20.22942112,28.5402826,22.02937497,15.47370029,21.5486024,24.66036156,24.66036156,4.723604554,155.0956532
Mexico,14,191.3376166,1039.715495,172.5050984,1.03146858,12.71263489,16.22337119,58.67563951,74.17182955,10.58229837,41.15442802,771.5138685,85.71436178,275.6679393,165.895391,426.6518895,25.93124079,15.32372458,15.00428074,18.71459784,32.98682745,20.34591163,7.055586665,37.3720077,24.78395809,23.46507731,2.74994688,152.8080061
Moldova,52,59.49000025,143.1479716,166.7283366,0.11798471,77.52801901,6.905159821,26.94399133,104.3065415,27.69500523,97.44965898,555.5097929,35.77141712,208.4008523,82.39181286,215.7145413,32.66420907,-2.081683378,8.971029299,1.784058964,25.95921355,9.331874031,-6.704995521,85.93869582,19.84389043,18.40738361,3.578615824,204.5717215
Mongolia,100,710.3662001,1494.593363,175.1769269,0.816572192,0.877800591,2.433120377,26.88386763,6.298572765,1.58168752,6.166105098,194.7813471,105.1421754,133.3637895,55.07452647,133.3692751,50.61461846,-18.31295089,13.7957004,-16.78419982,24.10723656,-0.091585537,-26.5073819,134.8538671,16.3809064,16.36940113,3.78683795,152.6570771
Montenegro,82,77.22907814,1033.036137,173.3449723,1.943118323,16.06607425,30.73063867,31.48645697,364.6184459,66.28103756,223.2163326,1266.377902,21.986191,226.3687901,150.467237,410.6334334,27.16748972,0.120511339,8.70116458,16.01155154,23.03809299,8.471448906,-4.129396719,64.82693287,16.65868757,4.116106447,2.419002458,201.7292493
Morocco,92,122.8482695,865.9307738,205.196656,0.926333227,19.97214789,0.468212424,43.14126601,122.7448794,2.448355382,13.83613733,317.0179049,62.48721633,17.16012206,50.46076633,134.5937882,31.59992925,9.685607482,13.66780767,24.01355821,34.24363485,17.09638304,2.643705602,59.39153059,24.9969498,12.58810346,3.009149451,114.7163515
Myanmar,129,322.1251463,570.1658006,184.964498,1.034333157,25.11243856,39.29909781,48.35342771,35.77778288,5.316174281,28.35717297,1981.408964,91.47013442,650.7541158,426.6939634,1173.786418,22.14549172,18.80407606,10.74458522,19.84846366,32.92488673,23.22537673,10.77939501,29.80396723,26.31032989,25.15083815,1.71648827,202.5337387
Nepal,121,338.2014018,2123.311646,194.5895529,2.927130887,27.68561596,21.99304664,44.51657164,66.06005049,5.593297037,44.61999115,1362.14809,99.98114192,739.3330699,356.2869138,886.8534022,24.74214328,7.057627921,11.12221938,8.556681571,25.02669078,13.94969145,0.284547503,48.19824368,19.12302857,18.70953767,2.447196559,174.2159869
Netherlands,7,10.96377983,8.319472995,180.1535854,0,60.49392167,12.98355765,32.27393961,187.3512911,46.27027816,151.6303814,782.3445803,16.38883514,215.7112536,79.35367185,227.6124884,21.71499537,2.481932744,7.122868598,5.140047222,21.15435574,9.282128726,-0.560639633,54.00277342,16.09655641,12.74574416,4.399983413,240.9667441
New Zealand,9,212.2931616,473.4105051,181.962447,1.277507124,16.70505799,36.7799794,46.2822267,444.4034572,97.24405716,343.6277703,1654.20798,15.5782557,364.2112206,170.0249548,482.9050574,19.75640901,5.384525084,9.233445538,11.45409724,20.59574985,10.20664792,0.839340842,36.21621083,14.73255378,8.218787853,3.457694678,204.8887129
Nicaragua,57,295.7828719,221.8445634,148.9837188,0.426387198,4.365388068,36.06068766,71.58983693,354.8119399,35.11567168,130.9733653,2289.551588,66.42536757,481.392236,382.4630748,1016.724805,12.74711571,23.82119639,9.204957474,25.02650247,31.64113128,25.04713041,18.89401557,8.654868336,26.03672673,25.20931369,2.264465605,232.9953742
Niger,144,1310.854178,459.901761,176.1534035,0.038545236,5.835458877,0.140055755,51.80801395,0.031234391,0.001150683,0.02555338,137.9025497,144.507978,26.23598914,55.05359259,115.5592941,29.4663514,20.44084442,15.30200826,22.35526928,40.71231381,27.14037339,11.24596241,46.69096187,32.33253137,30.57675088,3.973613961,97.50453286
Nigeria,78,71.87490841,325.1066464,174.6277329,0.136884238,32.52775857,6.504077418,62.38550202,381.7840794,4.036924101,19.84657971,1178.865428,100.4058918,170.8050845,259.5383404,655.5570673,19.96830424,24.2388495,12.25817595,25.42278178,36.37352199,26.42594675,16.40521774,18.69677639,29.04652441,25.30590376,2.360358523,215.2588468
Northern Cyprus,66,39.45327252,89.76909444,161.8802431,0.528399021,60.8686304,2.131334357,40.9380374,214.2611279,0.593331417,4.952406456,402.4425628,89.46808302,7.575595112,96.86246879,230.0010539,28.1370327,11.45269399,11.67258666,26.36214105,34.04144861,18.81357689,5.904415828,59.91329764,26.44903953,11.45949684,2.99759314,126.9902576
Pakistan,81,264.4672567,1051.985154,190.6666025,1.030050677,31.52079503,1.451869406,39.41373565,57.400858,4.069453872,19.19714204,262.7748794,87.48263028,97.44197936,62.28270092,141.2420318,35.88008413,9.613197041,14.26812586,18.05070865,36.99429338,20.00736737,1.114209249,75.10544836,28.80890258,21.46737596,2.976714228,121.050943
Panama,25,282.3050848,299.6214774,159.461191,1.086222969,7.224637397,41.26935425,76.72183416,808.5330495,32.13011506,135.5817469,2566.060966,59.71434449,417.5021152,411.5478431,1056.365812,10.97718779,24.35701194,8.431731789,25.11980317,30.82522005,25.02086848,19.84803226,5.454428715,25.75920668,24.57703678,1.831303975,271.1057008
Paraguay,53,367.8888256,165.7031156,143.6073728,0.027189037,21.85277541,23.72186749,56.28495087,151.9246773,36.45386145,133.9657044,1081.581002,43.26980559,353.1195209,139.5018725,384.0392047,21.64335169,18.90102471,12.26863873,19.3456635,33.84234203,23.39479292,12.19899034,33.16906876,27.2582446,26.32776444,2.62165028,177.7906776
Peru,58,1027.102283,1472.204748,166.6433275,1.388491607,2.883981259,44.58837027,78.3671053,245.3844795,64.45024221,216.9614409,1561.50841,56.72363191,464.294408,207.4258137,574.2168303,15.95832405,17.8635346,12.41984559,18.2133491,26.69418204,19.16625212,10.73585799,9.018641519,20.12504673,19.74835722,1.806273649,237.8853637
Philippines,90,120.2060505,312.3749269,176.1448694,1.180484575,21.02260645,41.50003066,74.85619151,517.3208749,78.53875225,270.0309285,2558.66669,50.56688382,567.2849526,400.7906999,1065.983588,11.46660561,24.17476106,8.566267556,24.90267797,31.19263849,25.28499795,19.72603289,7.964718286,26.21692042,25.08250008,1.999443382,270.7356054
Poland,60,34.58226078,166.1035576,183.4021908,0.063749957,63.9512875,19.04164939,26.50618578,101.5639642,27.71077187,90.76685292,594.9793321,34.82469752,225.267358,80.84414694,225.5419461,30.13964291,-2.959161106,8.133189903,-1.124553629,23.21470453,7.636440263,-6.924938378,78.20863385,17.20211074,17.17752122,3.341481273,232.7632106
Portugal,88,67.5440991,287.2909383,208.6306862,0.558974676,45.94372088,13.4162118,40.07268916,346.563166,8.188189051,52.41773962,853.9934614,56.49520504,55.71303995,123.7610035,351.0602341,23.39189054,9.067737609,9.452208115,21.17317596,28.49116165,14.99251766,5.099271105,48.26438806,21.40355522,9.589156628,2.950941965,150.3510581
Qatar,28,53.78464303,27.30329376,171.7122246,0,0.579871316,0,37.34846877,41.97645633,0,0,73.21445893,97.46082597,0,17.47689893,46.19771749,27.39261003,18.22878815,10.38104363,34.23350264,40.40252927,26.81822315,13.00991923,62.89629072,34.23350264,19.01868677,4.525723641,82.37060702
Romania,86,59.44506778,400.5558197,174.8750791,0.65603374,57.98463202,22.2342609,30.09469974,112.4792206,33.3615977,104.6650151,626.1659591,35.02062621,229.7524613,90.79173378,241.000686,31.70243188,-1.576595684,9.699802547,0.075311163,25.17124346,9.006305296,-6.531188414,78.69694431,18.63197431,17.06832138,2.697950932,205.1908791
Russia,64,2143.587912,448.5335417,178.456969,0.486310126,7.381209796,20.35647316,19.35171376,63.27918605,15.34518706,52.45074501,434.7292352,49.68574242,181.5754434,69.30780447,184.9978202,50.63119081,-24.74368593,9.922327688,-19.84740069,19.95267913,-6.261876315,-30.67851168,145.2214216,12.20695908,11.54956116,3.013605722,210.9908165
Rwanda,154,58.2010836,1736.716146,149.473235,1.004901225,53.83210128,15.00570024,85.28897563,273.454404,10.97207713,70.49153877,1158.819444,51.52465669,224.2421249,182.5763884,445.0415041,13.04556751,18.55816092,11.18061125,18.79530812,25.58158641,18.86605076,12.5360189,3.000839262,19.2126809,18.78298345,1.83053101,267.6880372
Saudi Arabia,35,652.2953047,641.3239896,128.7679237,0.176330129,1.398640697,0.013973832,44.27968012,30.37417806,0.222433578,1.744215512,94.62359731,97.64929934,2.893950255,23.49607931,53.46874458,31.32649358,15.77772132,13.89981283,31.28659569,39.86923505,24.56439512,8.542741475,64.91790577,32.24043272,20.34803664,3.728877097,72.83423467
Senegal,142,179.9246198,53.62559082,199.3442667,0.002811046,16.31063056,2.510464499,60.62363131,2.910886213,0,0.421782389,674.6602257,136.2960285,99.63082039,212.868414,536.4185446,23.64406451,24.68870746,14.40437071,26.9041546,38.83898379,27.63547141,15.19491928,22.16210705,30.41027296,27.70216486,3.066587067,175.1651938
Sierra Leone,123,115.6647391,198.3206162,208.9676954,0.159177997,1.00395891,31.78183547,66.29212063,1271.990367,8.782608288,54.42505902,2714.774506,81.36483492,309.5308922,537.0111688,1441.199835,16.04423204,24.79327105,10.58660892,25.84009085,34.44087387,26.03879072,18.39664184,10.75321424,27.50616539,24.91365103,1.616442266,236.73696
Singapore,24,0.969004894,18.15942029,158.7439614,0,19.05737705,21.77017717,85.10689163,787.4757316,155.8542214,485.0758053,2401.83568,23.150675,518.4530205,309.05039,819.4957249,9.275178079,26.25763918,7.946948974,27.15145156,31.47748251,26.87656509,22.20230428,4.101879945,27.32539285,26.28877785,2.085953213,322.1853462
Slovakia,45,44.64364635,460.9824197,178.6660302,0.920666014,49.241447,32.30309845,30.42893616,134.6285595,39.45664148,123.5922306,753.1072432,32.48591585,277.8171811,102.3249818,278.4411687,30.63297437,-2.466909971,9.478780227,-1.066368971,23.41366092,7.577007208,-7.219313448,74.67724978,16.76967849,16.52335732,2.697062205,223.3524689
Slovenia,55,41.52405352,561.9787219,156.4179192,1.198477085,35.29113006,43.62244551,30.54271167,227.6719244,65.77892115,206.646424,1173.159014,21.83889704,342.0689726,128.0912561,368.0815825,28.92357053,-0.345223878,8.990989517,0.870878122,24.31269394,8.82737802,-4.610876588,70.26983545,17.7114431,13.5803367,2.214353859,216.5455151
South Africa,113,141.5038538,1043.141954,184.3999503,0.447661291,12.04703082,4.417432958,54.47119206,43.25139485,9.085544868,32.92872316,480.0126204,61.19154871,198.7871431,80.6325437,219.91202,27.63989279,11.1840367,15.08094019,12.66597416,29.99145107,17.19893764,2.351558282,43.76114971,22.2866895,20.56793353,3.4581928,116.5514301
South Korea,47,28.46618824,251.1542671,195.3566307,0.711137536,31.76030023,36.65742339,28.3471869,97.93390368,27.59487228,97.76133661,1316.575314,77.76665348,703.4478712,296.5658185,716.1206177,36.63694049,-1.366561643,10.56985798,-1.145215717,28.59019164,11.13772083,-8.046748829,93.77592282,22.77918303,22.57638748,2.688840701,202.4961525
Spain,36,50.7522396,677.8865814,186.932559,0.838064232,51.15558599,11.35839438,37.65351761,179.9202309,18.80471969,78.28119904,608.5692597,37.27020236,86.46677276,78.71736551,212.8624134,27.5676683,5.938179791,10.50884016,19.04608997,28.85990294,13.06871062,1.292234636,58.78825931,20.91502872,10.46830764,3.07863453,157.6625663
Sri Lanka,132,63.00514497,182.0564906,186.658191,0.403258764,25.76583632,30.91242371,67.87155969,586.0216617,41.36871415,187.7751013,1882.36839,65.66733182,366.7919127,343.4647473,864.803914,11.22670553,24.88306637,7.646920291,27.16368468,32.16791909,26.47843255,20.94121356,11.08589014,27.63315686,25.51740065,3.49490751,247.6070393
Sudan,118,1351.887663,534.0332149,172.4701756,0.066834546,9.919865614,0.9163007,57.67583238,21.33772204,0.015203308,0.146940767,234.8363384,141.488704,38.70853989,78.63975264,180.2926315,27.59993168,21.55596862,15.94464454,22.70811006,39.83315431,26.76252707,12.23322263,36.80854252,30.91749336,28.97118545,3.890765255,97.14185783
Sweden,8,201.5159762,114.7617583,175.4748924,0.061497504,7.070181712,35.80385767,24.9476118,131.9700566,32.55465722,104.9307709,636.3329499,29.68670629,211.908644,81.85004242,222.2281662,31.35314227,-8.072779789,7.931387903,-3.771737303,18.65869978,2.158851085,-12.69444249,81.01218774,12.82723054,11.54643674,4.313964014,237.2764026
Switzerland,1,51.4387536,1306.401711,202.1534026,2.276436531,30.33206282,25.10529803,29.59000811,297.3540432,86.42610049,274.0593707,1338.427735,18.48479441,401.6709152,146.861186,415.3905845,24.02751158,-2.623934158,7.276357867,0.632032027,17.88542645,4.929842409,-6.142085134,59.55781858,12.49037692,10.01104033,2.413838105,226.3158837
Syria,156,125.6040405,521.2332574,165.2021547,0.348500315,35.52881962,0.166570686,39.01708541,130.6384985,0.040859869,0.953299173,248.0164225,81.88910243,1.361116562,49.32627354,131.7985283,35.37429107,7.529617112,13.95376452,27.65416368,36.9670644,17.76447057,1.59277333,79.00052612,27.7279105,8.092531189,3.834949049,97.4519902
Taiwan,38,62.51381382,814.6217189,215.019978,2.419724198,21.73843869,46.76494424,43.05438817,239.1145751,52.39986588,182.7879624,2557.831732,70.42202255,1195.088024,475.2520875,1266.73989,17.05959834,13.99198902,7.352467629,15.72560546,26.67168788,18.84623678,9.612089546,35.43913986,22.83337442,22.49072393,3.260392844,243.0668054
Tajikistan,106,587.4750849,2962.817302,196.0896306,2.611243794,8.437107665,1.311734617,28.04317431,175.0175411,7.094152136,31.70033822,569.9543713,59.52735126,49.44067173,95.73434288,261.1613121,38.36652121,-9.831293582,10.94153258,11.66166425,22.30212012,2.441885087,-16.06440109,91.68561543,13.88849729,1.567253638,2.996939416,185.2862026
Thailand,34,114.0083334,279.3319752,163.7712642,0.514702642,52.0042551,23.74813794,56.71028517,120.6069682,10.2617752,49.15002193,1486.492648,79.44387043,369.0562409,297.8545891,750.8463712,18.96792813,23.39675004,10.62210491,23.81098114,34.96544742,26.15024113,15.99751929,18.71620725,28.23370663,26.60232782,2.013597444,238.1278189
Togo,158,75.05412418,247.1485403,186.6738393,0.173134875,29.46336429,9.369440969,69.84487468,556.5410375,7.660159494,36.62356685,1191.760345,75.33924482,186.5393706,220.3927041,591.919604,16.28504908,24.90478636,11.36262959,27.02554704,35.65354195,26.7362644,19.36849288,13.83416966,28.58808687,25.31890122,2.000121255,223.9970482
Trinidad and Tobago,41,46.90521891,44.16040262,181.2349266,0.197292741,1.819330385,47.10623414,78.99762426,364.2950913,64.42736392,212.8189702,2060.409259,44.36734796,503.4511639,270.3872562,762.3082515,10.69878402,24.85744113,8.505857126,25.43471,30.92925062,25.83451351,20.23046657,6.323938022,26.34335317,26.03463817,3.515222509,229.7875205
Tunisia,107,199.6896395,258.9149633,175.6860227,0.299653393,29.4057707,0.588560255,38.80149417,84.83399588,2.402459121,15.33299491,229.2123383,53.76545724,21.99214798,33.61746301,90.19084003,32.10506271,10.40289164,12.61165815,27.59262247,36.53704521,19.08566103,4.431982492,67.72301664,27.72498106,13.13519223,4.053837793,108.1433595
Turkey,76,74.81476227,1112.032911,183.2526842,1.454611434,37.05865514,7.642872826,34.08318133,219.1034911,12.40489621,46.53409288,592.3943496,51.45034883,58.43178601,91.03702229,244.1009768,33.16223341,0.818752249,11.41079033,19.56958163,28.80140691,10.75281652,-4.360826497,76.51716999,20.37051445,6.02642172,2.795238628,162.7635658
Turkmenistan,70,446.7476197,210.1265566,209.7492346,0.1708769,7.863875679,0.069589831,31.18049733,60.19887679,1.21481794,5.699903636,166.0901739,68.71206907,6.429954816,32.11313955,80.13335304,40.70275235,2.451591509,12.86633643,27.19586956,36.96848304,15.29226867,-3.734269304,99.13820657,28.0011677,11.27597905,4.227009783,125.3371991
Uganda,141,126.0779246,1152.361031,169.1255989,0.365036439,26.42464442,19.36235802,80.82890714,312.4436071,29.96284565,124.0594003,1194.306112,46.57992252,203.5064737,175.1681156,455.3289605,14.8774834,21.52530356,12.04580229,22.86989545,30.47448799,22.47570904,15.59700459,7.392921856,23.43973031,22.04616225,1.786966623,243.254396
Ukraine,111,58.48544543,178.859987,172.2444905,0.069417718,68.34395252,11.16172162,24.85954824,120.2544889,30.69855141,103.9370737,568.6954734,27.97286154,198.9819927,75.32470235,202.1066566,33.43563963,-3.581462044,8.445859516,0.150797732,25.50314171,8.097156593,-7.932497919,90.07546734,19.34155893,17.9819068,3.706255752,214.482655
United Arab Emirates,20,213.1353314,110.5689798,218.7507003,0.071094043,2.091783257,0,45.01245867,43.54852286,0.007372574,0.283719024,72.32978443,127.4958299,0.656837151,27.39363051,53.62716196,26.80954117,19.68429833,12.19137203,32.82297735,40.02268664,27.10950141,13.21314547,54.01550683,33.37469254,22.3963132,3.869895145,69.47315825
United Kingdom,21,39.08280933,154.9721136,173.4816201,0.432489756,54.77314865,14.0594695,35.28654165,271.8047396,57.39702782,183.5510882,967.5948301,18.46788504,213.5087237,106.2203273,304.0103877,19.31967437,2.916075146,6.907957221,8.511864357,19.08297135,8.452062999,-0.236703022,44.85675061,14.35349199,5.635635815,4.479387797,248.1226878
United States of America,15,638.7575393,759.2512262,166.5603824,0.529686762,19.7438699,16.72846247,32.95288154,141.8206803,28.7873624,100.5005596,671.9117326,43.41517081,198.8176868,93.48607266,249.4290178,39.05379633,-5.388305211,12.75193874,1.420302587,26.77673145,6.602248261,-12.27706488,93.46060198,18.51898364,13.57927185,3.586281662,180.2746387
Uruguay,32,146.2655957,110.6832461,196.579478,0.026059595,22.37566704,9.672512422,46.92764539,279.9634695,78.9128142,260.2990633,1222.064688,13.20100494,301.6808728,124.9780186,345.1803035,24.18659019,12.06571453,11.47078973,16.56126899,30.79542919,17.52377977,6.608839001,43.91979533,23.2542935,19.08419289,3.942861886,162.7401298
Uzbekistan,44,523.7900371,357.9727625,195.3145399,0.397815023,15.2674283,0.350609521,28.57270546,65.47386608,1.672349719,8.785473437,196.8237707,61.46569539,11.17754955,34.48610836,88.46949209,42.65918911,-1.618313562,12.30709087,24.52739962,34.97735182,12.39767159,-7.681837283,107.3271601,26.01290938,9.774428329,4.122328469,145.7008648
Venezuela,23,1480.298667,343.3442912,172.6541157,0.604648562,6.188709681,44.16838932,79.99424375,608.3546771,40.78962426,151.9351828,1944.437018,60.2510098,341.5792585,311.0672028,862.4274541,12.77331124,24.86187109,10.24158916,25.54904961,32.24596812,25.60036779,19.47265688,5.616859585,26.24557777,25.19529939,1.856682085,252.1061911
Vietnam,75,99.7589702,401.03086,152.8857864,0.881312874,37.73129503,35.94349722,50.87305684,104.8582675,13.79115265,64.76704351,1788.884738,80.82526332,653.1634997,358.7812102,952.79017,16.78846977,19.40935073,8.318559018,20.1432752,31.18619252,23.35869748,14.39772275,27.96211983,26.48121659,25.50173918,1.999043494,263.9387469
Yemen,136,566.1929055,924.2181081,158.117283,0.68319709,2.959783432,0.25536206,54.55379805,22.30619445,0.661886125,6.010889779,112.9856446,82.78875525,33.41383517,27.89356591,60.09127804,22.00267323,18.49512597,12.10256167,23.50874755,33.64484004,22.97452814,11.64216682,33.83429917,26.99029092,22.73841011,3.515084832,92.36073291
Zambia,85,225.2367696,1126.881278,190.9006839,0.185149305,7.632260651,20.18173889,56.98423452,3.292717528,0.027900481,0.76763036,1023.999592,109.2374867,284.9528562,234.8527289,661.7428786,24.38245429,17.45463235,13.98004516,17.53188913,32.4442829,21.19591605,8.061828612,25.30675327,23.75917956,22.58824718,2.579925928,161.4912803
Zimbabwe,115,138.6263087,980.7205834,186.053171,0.253010454,24.66297879,6.935139882,56.6239958,8.158174378,0.961426618,6.335153232,667.5590611,105.1632419,277.5971509,161.2144837,443.0997794,24.64898765,15.90026485,14.06951393,16.09133356,31.44679328,20.49554675,6.797805623,31.38505608,23.58590726,22.97173893,2.77145431,130.2209263
